[
  {
    "libraryIdentifier" : "b93d497db5f62a602aca2cfff046af9f",
    "format" : "model",
    "displayName" : "Personal_Computer.usdz"
  },
  {
    "libraryIdentifier" : "bc04c99443cb3f8dc856133cb64c03b7",
    "format" : "image",
    "displayName" : "063D9BE2-E6A9-410F-8064-35449F2B27B3_1_105_c.jpeg"
  },
  {
    "libraryIdentifier" : "53f6de4eabf78d0861f95d70de466ce2",
    "format" : "image",
    "displayName" : "80school.jpeg"
  },
  {
    "libraryIdentifier" : "3319a23403240c2094af142da447b5e9",
    "format" : "model",
    "displayName" : "Sketchfab_5_Million_Members.usdz"
  },
  {
    "libraryIdentifier" : "6fbd25bbca690906d75ff62df5e6ce1c",
    "format" : "model",
    "displayName" : "fox-ish_-_arctic_-_animated.usdz"
  },
  {
    "libraryIdentifier" : "9b09db592b5adf2ceb841a5a95f3f3bd",
    "format" : "model",
    "displayName" : "Medieval_Fantasy_Model_For_Reality_Composer.usdz"
  },
  {
    "libraryIdentifier" : "d5a8e6edc8ba36521c80bc7efe494988",
    "format" : "model",
    "displayName" : "Low_Poly_Bird_Animated.usdz"
  }
]